{"cameraMode":{"drawMode":0,"name":"Shaded","section":"Shading Mode"},"sceneLighting":true,"audioPlay":false,"sceneViewState":{"showFog":false,"showMaterialUpdate":true,"showSkybox":true,"showFlares":true,"showImageEffects":true,"showParticleSystems":true},"in2DMode":false,"pivot":{"x":281.1648864746094,"y":51.13855743408203,"z":232.31268310546876},"rotation":{"x":0.09390566498041153,"y":-0.4116453230381012,"z":0.04237298667430878,"w":0.9055706262588501},"size":16.035964965820314,"orthographic":false}